grupo,total_valor,qtd_notas
FA,8215348.870000000,1633
EC,2062293.280000000,9018
(sem grupo),1188384.310000000,6725
PC,1187004.340000000,1004
FR,818418.420000000,976
